{
  "id": "543384",
  "name": "Cnblogs-Theme-SimpleMemory",
  "font_family": "iconfont",
  "css_prefix_text": "icon-",
  "description": "",
  "glyphs": [
    {
      "icon_id": "405695",
      "name": "baidu",
      "font_class": "baidu",
      "unicode": "e68c",
      "unicode_decimal": 59020
    },
    {
      "icon_id": "405696",
      "name": "baidu0",
      "font_class": "baidu0",
      "unicode": "e68f",
      "unicode_decimal": 59023
    },
    {
      "icon_id": "405697",
      "name": "baidutieba",
      "font_class": "baidutieba",
      "unicode": "e694",
      "unicode_decimal": 59028
    },
    {
      "icon_id": "405698",
      "name": "behance",
      "font_class": "behance",
      "unicode": "e695",
      "unicode_decimal": 59029
    },
    {
      "icon_id": "405699",
      "name": "behance0",
      "font_class": "behance0",
      "unicode": "e697",
      "unicode_decimal": 59031
    },
    {
      "icon_id": "405702",
      "name": "diandian",
      "font_class": "diandian",
      "unicode": "e69b",
      "unicode_decimal": 59035
    },
    {
      "icon_id": "405703",
      "name": "douban",
      "font_class": "douban",
      "unicode": "e69c",
      "unicode_decimal": 59036
    },
    {
      "icon_id": "405704",
      "name": "facebook",
      "font_class": "facebook",
      "unicode": "e69d",
      "unicode_decimal": 59037
    },
    {
      "icon_id": "405705",
      "name": "facebook0",
      "font_class": "facebook0",
      "unicode": "e69e",
      "unicode_decimal": 59038
    },
    {
      "icon_id": "405707",
      "name": "flicker",
      "font_class": "flicker",
      "unicode": "e69f",
      "unicode_decimal": 59039
    },
    {
      "icon_id": "405708",
      "name": "fuzhilianjie",
      "font_class": "fuzhilianjie",
      "unicode": "e6a0",
      "unicode_decimal": 59040
    },
    {
      "icon_id": "405709",
      "name": "google",
      "font_class": "google",
      "unicode": "e6a1",
      "unicode_decimal": 59041
    },
    {
      "icon_id": "405710",
      "name": "google0",
      "font_class": "google0",
      "unicode": "e6a2",
      "unicode_decimal": 59042
    },
    {
      "icon_id": "405714",
      "name": "kaixinwang",
      "font_class": "kaixinwang",
      "unicode": "e6a3",
      "unicode_decimal": 59043
    },
    {
      "icon_id": "405715",
      "name": "kaixinwang0",
      "font_class": "kaixinwang0",
      "unicode": "e6a4",
      "unicode_decimal": 59044
    },
    {
      "icon_id": "405716",
      "name": "kongjian",
      "font_class": "kongjian",
      "unicode": "e6a5",
      "unicode_decimal": 59045
    },
    {
      "icon_id": "405717",
      "name": "kongjian0",
      "font_class": "kongjian0",
      "unicode": "e6a6",
      "unicode_decimal": 59046
    },
    {
      "icon_id": "405718",
      "name": "linkedin",
      "font_class": "linkedin",
      "unicode": "e6a7",
      "unicode_decimal": 59047
    },
    {
      "icon_id": "405719",
      "name": "linkedin0",
      "font_class": "linkedin0",
      "unicode": "e6aa",
      "unicode_decimal": 59050
    },
    {
      "icon_id": "405720",
      "name": "meilishuo",
      "font_class": "meilishuo",
      "unicode": "e6ab",
      "unicode_decimal": 59051
    },
    {
      "icon_id": "405721",
      "name": "pengyouquan",
      "font_class": "pengyouquan",
      "unicode": "e6ad",
      "unicode_decimal": 59053
    },
    {
      "icon_id": "405722",
      "name": "pengyouquan0",
      "font_class": "pengyouquan0",
      "unicode": "e6af",
      "unicode_decimal": 59055
    },
    {
      "icon_id": "405723",
      "name": "pengyouquanyin",
      "font_class": "pengyouquanyin",
      "unicode": "e6b0",
      "unicode_decimal": 59056
    },
    {
      "icon_id": "405724",
      "name": "pengyouquanyin0",
      "font_class": "pengyouquanyin0",
      "unicode": "e6b1",
      "unicode_decimal": 59057
    },
    {
      "icon_id": "405725",
      "name": "pinterest",
      "font_class": "pinterest",
      "unicode": "e6b5",
      "unicode_decimal": 59061
    },
    {
      "icon_id": "405726",
      "name": "pinterest0",
      "font_class": "pinterest0",
      "unicode": "e6b6",
      "unicode_decimal": 59062
    },
    {
      "icon_id": "405727",
      "name": "qq",
      "font_class": "qq",
      "unicode": "e6b7",
      "unicode_decimal": 59063
    },
    {
      "icon_id": "405728",
      "name": "qq0",
      "font_class": "qq0",
      "unicode": "e6b8",
      "unicode_decimal": 59064
    },
    {
      "icon_id": "405729",
      "name": "renren",
      "font_class": "renren",
      "unicode": "e6b9",
      "unicode_decimal": 59065
    },
    {
      "icon_id": "405730",
      "name": "renren0",
      "font_class": "renren0",
      "unicode": "e6ba",
      "unicode_decimal": 59066
    },
    {
      "icon_id": "405731",
      "name": "sina",
      "font_class": "sina",
      "unicode": "e6bb",
      "unicode_decimal": 59067
    },
    {
      "icon_id": "405732",
      "name": "sina0",
      "font_class": "sina0",
      "unicode": "e6bc",
      "unicode_decimal": 59068
    },
    {
      "icon_id": "405733",
      "name": "taobao",
      "font_class": "taobao",
      "unicode": "e6bd",
      "unicode_decimal": 59069
    },
    {
      "icon_id": "405734",
      "name": "taobaoyin",
      "font_class": "taobaoyin",
      "unicode": "e6be",
      "unicode_decimal": 59070
    },
    {
      "icon_id": "405738",
      "name": "tianya",
      "font_class": "tianya",
      "unicode": "e6bf",
      "unicode_decimal": 59071
    },
    {
      "icon_id": "405739",
      "name": "tianya0",
      "font_class": "tianya0",
      "unicode": "e6c0",
      "unicode_decimal": 59072
    },
    {
      "icon_id": "405740",
      "name": "twitter",
      "font_class": "twitter",
      "unicode": "e6c1",
      "unicode_decimal": 59073
    },
    {
      "icon_id": "405741",
      "name": "twitter0",
      "font_class": "twitter0",
      "unicode": "e6c2",
      "unicode_decimal": 59074
    },
    {
      "icon_id": "405742",
      "name": "wangwang",
      "font_class": "wangwang",
      "unicode": "e6c3",
      "unicode_decimal": 59075
    },
    {
      "icon_id": "405743",
      "name": "wangyi",
      "font_class": "wangyi",
      "unicode": "e6c5",
      "unicode_decimal": 59077
    },
    {
      "icon_id": "405744",
      "name": "wangyi0",
      "font_class": "wangyi0",
      "unicode": "e6c7",
      "unicode_decimal": 59079
    },
    {
      "icon_id": "405745",
      "name": "weibo",
      "font_class": "weibo",
      "unicode": "e6c8",
      "unicode_decimal": 59080
    },
    {
      "icon_id": "405746",
      "name": "weiboo",
      "font_class": "weiboo",
      "unicode": "e6ca",
      "unicode_decimal": 59082
    },
    {
      "icon_id": "405747",
      "name": "weixin",
      "font_class": "weixin",
      "unicode": "e6cb",
      "unicode_decimal": 59083
    },
    {
      "icon_id": "405748",
      "name": "weixin0",
      "font_class": "weixin0",
      "unicode": "e6cc",
      "unicode_decimal": 59084
    },
    {
      "icon_id": "405749",
      "name": "xin",
      "font_class": "xin",
      "unicode": "e6cd",
      "unicode_decimal": 59085
    },
    {
      "icon_id": "405750",
      "name": "yixin",
      "font_class": "yixin",
      "unicode": "e6ce",
      "unicode_decimal": 59086
    },
    {
      "icon_id": "405751",
      "name": "yixin0",
      "font_class": "yixin0",
      "unicode": "e6cf",
      "unicode_decimal": 59087
    },
    {
      "icon_id": "405752",
      "name": "youjian",
      "font_class": "youjian",
      "unicode": "e6d0",
      "unicode_decimal": 59088
    },
    {
      "icon_id": "405753",
      "name": "youjian0",
      "font_class": "youjian0",
      "unicode": "e6d1",
      "unicode_decimal": 59089
    },
    {
      "icon_id": "405754",
      "name": "zhifubao",
      "font_class": "zhifubao",
      "unicode": "e6d3",
      "unicode_decimal": 59091
    },
    {
      "icon_id": "405755",
      "name": "zhifubao0",
      "font_class": "zhifubao0",
      "unicode": "e6d4",
      "unicode_decimal": 59092
    },
    {
      "icon_id": "405756",
      "name": "zhihu",
      "font_class": "zhihu",
      "unicode": "e6d5",
      "unicode_decimal": 59093
    },
    {
      "icon_id": "452548",
      "name": "tieba0",
      "font_class": "tieba0",
      "unicode": "e6d8",
      "unicode_decimal": 59096
    },
    {
      "icon_id": "991304",
      "name": "zhihu0",
      "font_class": "zhihu0",
      "unicode": "e709",
      "unicode_decimal": 59145
    },
    {
      "icon_id": "991305",
      "name": "douban0",
      "font_class": "douban0",
      "unicode": "e70a",
      "unicode_decimal": 59146
    },
    {
      "icon_id": "17510963",
      "name": "evernote-fill",
      "font_class": "evernote-fill",
      "unicode": "e7ad",
      "unicode_decimal": 59309
    },
    {
      "icon_id": "17510966",
      "name": "evernote-line",
      "font_class": "evernote-line",
      "unicode": "e7ae",
      "unicode_decimal": 59310
    },
    {
      "icon_id": "17510973",
      "name": "reddit-line",
      "font_class": "reddit-line",
      "unicode": "e7af",
      "unicode_decimal": 59311
    },
    {
      "icon_id": "17511002",
      "name": "dingding-fill",
      "font_class": "dingding-fill",
      "unicode": "e7b2",
      "unicode_decimal": 59314
    },
    {
      "icon_id": "17511003",
      "name": "dingding-line",
      "font_class": "dingding-line",
      "unicode": "e7b3",
      "unicode_decimal": 59315
    },
    {
      "icon_id": "17511016",
      "name": "github-fill",
      "font_class": "github-fill",
      "unicode": "e7b5",
      "unicode_decimal": 59317
    },
    {
      "icon_id": "17511062",
      "name": "paypal-fill",
      "font_class": "paypal-fill",
      "unicode": "e7bb",
      "unicode_decimal": 59323
    },
    {
      "icon_id": "17511064",
      "name": "windows-fill",
      "font_class": "windows-fill",
      "unicode": "e7bd",
      "unicode_decimal": 59325
    },
    {
      "icon_id": "689261",
      "name": "类目 品类 分类 类别.2",
      "font_class": "leimupinleifenleileibie2",
      "unicode": "e7f8",
      "unicode_decimal": 59384
    },
    {
      "icon_id": "797301",
      "name": "分类cur",
      "font_class": "fenleicur",
      "unicode": "e652",
      "unicode_decimal": 58962
    },
    {
      "icon_id": "464938",
      "name": "分类2-01",
      "font_class": "fenlei201",
      "unicode": "e64f",
      "unicode_decimal": 58959
    },
    {
      "icon_id": "5204808",
      "name": "分类",
      "font_class": "fenlei",
      "unicode": "e650",
      "unicode_decimal": 58960
    },
    {
      "icon_id": "82753",
      "name": "未选中圆圈",
      "font_class": "weixuanzhongyuanquan",
      "unicode": "e64c",
      "unicode_decimal": 58956
    },
    {
      "icon_id": "577322",
      "name": "圆形未选中",
      "font_class": "yuanxingweixuanzhong",
      "unicode": "e72f",
      "unicode_decimal": 59183
    },
    {
      "icon_id": "1159905",
      "name": "圆",
      "font_class": "yuan",
      "unicode": "e64e",
      "unicode_decimal": 58958
    },
    {
      "icon_id": "22383640",
      "name": "圆",
      "font_class": "yuan1",
      "unicode": "edf8",
      "unicode_decimal": 60920
    },
    {
      "icon_id": "2763741",
      "name": "下拉",
      "font_class": "arrow-down",
      "unicode": "e63b",
      "unicode_decimal": 58939
    },
    {
      "icon_id": "9802666",
      "name": "arrow drop down",
      "font_class": "arrow-right",
      "unicode": "e648",
      "unicode_decimal": 58952
    },
    {
      "icon_id": "23713613",
      "name": "下拉",
      "font_class": "xiala",
      "unicode": "e649",
      "unicode_decimal": 58953
    },
    {
      "icon_id": "528431",
      "name": "关闭",
      "font_class": "close",
      "unicode": "e6ac",
      "unicode_decimal": 59052
    },
    {
      "icon_id": "1058426",
      "name": "close",
      "font_class": "close-mini",
      "unicode": "e644",
      "unicode_decimal": 58948
    },
    {
      "icon_id": "1161682",
      "name": "close",
      "font_class": "close1",
      "unicode": "e645",
      "unicode_decimal": 58949
    },
    {
      "icon_id": "3443230",
      "name": "close",
      "font_class": "close2",
      "unicode": "e647",
      "unicode_decimal": 58951
    },
    {
      "icon_id": "10678407",
      "name": "close",
      "font_class": "close3",
      "unicode": "e6dc",
      "unicode_decimal": 59100
    },
    {
      "icon_id": "1486955",
      "name": "广播",
      "font_class": "guangbo",
      "unicode": "e6ae",
      "unicode_decimal": 59054
    },
    {
      "icon_id": "6540388",
      "name": "搜索",
      "font_class": "sousuo1",
      "unicode": "e63e",
      "unicode_decimal": 58942
    },
    {
      "icon_id": "11372706",
      "name": "搜索",
      "font_class": "sousuo2",
      "unicode": "e8b9",
      "unicode_decimal": 59577
    },
    {
      "icon_id": "12694616",
      "name": "搜索",
      "font_class": "sousuo3",
      "unicode": "e640",
      "unicode_decimal": 58944
    },
    {
      "icon_id": "493478",
      "name": "Home",
      "font_class": "home",
      "unicode": "e7a5",
      "unicode_decimal": 59301
    },
    {
      "icon_id": "588421",
      "name": "home",
      "font_class": "home1",
      "unicode": "e65c",
      "unicode_decimal": 58972
    },
    {
      "icon_id": "1381390",
      "name": "home",
      "font_class": "home2",
      "unicode": "e643",
      "unicode_decimal": 58947
    },
    {
      "icon_id": "19603128",
      "name": "home",
      "font_class": "home4",
      "unicode": "e68b",
      "unicode_decimal": 59019
    },
    {
      "icon_id": "741877",
      "name": "主页",
      "font_class": "geren1",
      "unicode": "e63c",
      "unicode_decimal": 58940
    },
    {
      "icon_id": "4609507",
      "name": "进度",
      "font_class": "jindu",
      "unicode": "e634",
      "unicode_decimal": 58932
    },
    {
      "icon_id": "4875965",
      "name": "book",
      "font_class": "book",
      "unicode": "e635",
      "unicode_decimal": 58933
    },
    {
      "icon_id": "5858201",
      "name": "进度",
      "font_class": "jindu1",
      "unicode": "e637",
      "unicode_decimal": 58935
    },
    {
      "icon_id": "6041620",
      "name": "进度",
      "font_class": "schedule",
      "unicode": "e638",
      "unicode_decimal": 58936
    },
    {
      "icon_id": "11212532",
      "name": "进度",
      "font_class": "jindu2",
      "unicode": "e799",
      "unicode_decimal": 59289
    },
    {
      "icon_id": "11764489",
      "name": "进度",
      "font_class": "jindu3",
      "unicode": "e639",
      "unicode_decimal": 58937
    },
    {
      "icon_id": "20523265",
      "name": "book",
      "font_class": "7777",
      "unicode": "e63a",
      "unicode_decimal": 58938
    },
    {
      "icon_id": "20713066",
      "name": "icon_阅读时间",
      "font_class": "icon_yuedushijian",
      "unicode": "e66b",
      "unicode_decimal": 58987
    },
    {
      "icon_id": "12158683",
      "name": "评级星（全星）",
      "font_class": "pingjixingquanxing",
      "unicode": "e62a",
      "unicode_decimal": 58922
    },
    {
      "icon_id": "12158792",
      "name": "评级星（线条）",
      "font_class": "pingjixingxiantiao",
      "unicode": "e632",
      "unicode_decimal": 58930
    },
    {
      "icon_id": "12158793",
      "name": "评级星（半星）",
      "font_class": "pingjixingbanxing",
      "unicode": "e633",
      "unicode_decimal": 58931
    },
    {
      "icon_id": "11266891",
      "name": "文字",
      "font_class": "wenzi2",
      "unicode": "e69a",
      "unicode_decimal": 59034
    },
    {
      "icon_id": "13805589",
      "name": "文字",
      "font_class": "wenzi3",
      "unicode": "e629",
      "unicode_decimal": 58921
    },
    {
      "icon_id": "17411317",
      "name": "文字",
      "font_class": "wenzi4",
      "unicode": "e692",
      "unicode_decimal": 59026
    },
    {
      "icon_id": "166648",
      "name": "文字",
      "font_class": "wenzi",
      "unicode": "e63f",
      "unicode_decimal": 58943
    },
    {
      "icon_id": "3900378",
      "name": "咖啡",
      "font_class": "shangwutubiao-",
      "unicode": "e641",
      "unicode_decimal": 58945
    },
    {
      "icon_id": "8190946",
      "name": "文字",
      "font_class": "Font_Linear",
      "unicode": "e67e",
      "unicode_decimal": 59006
    },
    {
      "icon_id": "16242838",
      "name": "M_图片转文字",
      "font_class": "M_tupianzhuanwenzi",
      "unicode": "e759",
      "unicode_decimal": 59225
    },
    {
      "icon_id": "14666055",
      "name": "设置",
      "font_class": "shezhi2",
      "unicode": "e72d",
      "unicode_decimal": 59181
    },
    {
      "icon_id": "18379488",
      "name": "设 置",
      "font_class": "shezhi3",
      "unicode": "e696",
      "unicode_decimal": 59030
    },
    {
      "icon_id": "20619450",
      "name": "设置",
      "font_class": "shezhi4",
      "unicode": "e631",
      "unicode_decimal": 58929
    },
    {
      "icon_id": "6364167",
      "name": "二维码",
      "font_class": "ico",
      "unicode": "e646",
      "unicode_decimal": 58950
    },
    {
      "icon_id": "16830952",
      "name": "二维码",
      "font_class": "erweima4",
      "unicode": "e66e",
      "unicode_decimal": 58990
    },
    {
      "icon_id": "356926",
      "name": "logo",
      "font_class": "logo",
      "unicode": "e620",
      "unicode_decimal": 58912
    },
    {
      "icon_id": "410560",
      "name": "miaojie_1029_logo",
      "font_class": "miaojie1029logo",
      "unicode": "e693",
      "unicode_decimal": 59027
    },
    {
      "icon_id": "829865",
      "name": "csdn",
      "font_class": "csdn",
      "unicode": "e621",
      "unicode_decimal": 58913
    },
    {
      "icon_id": "876928",
      "name": "logo",
      "font_class": "logo1",
      "unicode": "e63d",
      "unicode_decimal": 58941
    },
    {
      "icon_id": "2306764",
      "name": "BILIBILI_LOGO",
      "font_class": "bilibili",
      "unicode": "e6b4",
      "unicode_decimal": 59060
    },
    {
      "icon_id": "5947045",
      "name": "logo-bitcoin",
      "font_class": "logo-bitcoin",
      "unicode": "e6c4",
      "unicode_decimal": 59076
    },
    {
      "icon_id": "5947049",
      "name": "logo-css3",
      "font_class": "logo-css",
      "unicode": "e6c6",
      "unicode_decimal": 59078
    },
    {
      "icon_id": "5947073",
      "name": "logo-npm",
      "font_class": "logo-npm",
      "unicode": "e6d2",
      "unicode_decimal": 59090
    },
    {
      "icon_id": "5947084",
      "name": "logo-skype",
      "font_class": "logo-skype",
      "unicode": "e6d7",
      "unicode_decimal": 59095
    },
    {
      "icon_id": "7009055",
      "name": "logo",
      "font_class": "budaidise",
      "unicode": "e75b",
      "unicode_decimal": 59227
    },
    {
      "icon_id": "7656309",
      "name": "logo-tux",
      "font_class": "logo-tux",
      "unicode": "e7b4",
      "unicode_decimal": 59316
    },
    {
      "icon_id": "8700621",
      "name": "logo-twitter",
      "font_class": "logo-twitter",
      "unicode": "e7ab",
      "unicode_decimal": 59307
    },
    {
      "icon_id": "8700647",
      "name": "logo-twitch",
      "font_class": "logo-twitch",
      "unicode": "e7b0",
      "unicode_decimal": 59312
    },
    {
      "icon_id": "9457306",
      "name": "logo-pinterest",
      "font_class": "logo-pinterest",
      "unicode": "e6f8",
      "unicode_decimal": 59128
    },
    {
      "icon_id": "9457320",
      "name": "logo-tumblr",
      "font_class": "logo-tumblr",
      "unicode": "e6fa",
      "unicode_decimal": 59130
    },
    {
      "icon_id": "9457353",
      "name": "logo-reddit",
      "font_class": "logo-reddit",
      "unicode": "e6fd",
      "unicode_decimal": 59133
    },
    {
      "icon_id": "9457354",
      "name": "logo-steam",
      "font_class": "logo-steam",
      "unicode": "e6fe",
      "unicode_decimal": 59134
    },
    {
      "icon_id": "10562630",
      "name": "G, google. logo",
      "font_class": "Ggooglelogo",
      "unicode": "e6b2",
      "unicode_decimal": 59058
    },
    {
      "icon_id": "11102450",
      "name": "logo-closed-captioning",
      "font_class": "logo-closed-captioning",
      "unicode": "e724",
      "unicode_decimal": 59172
    },
    {
      "icon_id": "11102475",
      "name": "logo-linkedin",
      "font_class": "logo-linkedin",
      "unicode": "e72a",
      "unicode_decimal": 59178
    },
    {
      "icon_id": "11102553",
      "name": "logo-xbox",
      "font_class": "logo-xbox",
      "unicode": "e73a",
      "unicode_decimal": 59194
    },
    {
      "icon_id": "11918273",
      "name": "logo-apple",
      "font_class": "logo-apple",
      "unicode": "e64d",
      "unicode_decimal": 58957
    },
    {
      "icon_id": "12160450",
      "name": "social-1_logo-blogger",
      "font_class": "social-_logo-blogger",
      "unicode": "e678",
      "unicode_decimal": 59000
    },
    {
      "icon_id": "12160451",
      "name": "social-1_logo-behance",
      "font_class": "social-_logo-behance",
      "unicode": "e679",
      "unicode_decimal": 59001
    },
    {
      "icon_id": "12160452",
      "name": "social-1_logo-500px",
      "font_class": "social-_logo-px",
      "unicode": "e67a",
      "unicode_decimal": 59002
    },
    {
      "icon_id": "12160453",
      "name": "social-1_logo-dropbox",
      "font_class": "social-_logo-dropbox",
      "unicode": "e67b",
      "unicode_decimal": 59003
    },
    {
      "icon_id": "12160454",
      "name": "social-1_logo-creative-market",
      "font_class": "social-_logo-creative-market",
      "unicode": "e67c",
      "unicode_decimal": 59004
    },
    {
      "icon_id": "12160456",
      "name": "social-1_logo-codepen",
      "font_class": "social-_logo-codepen",
      "unicode": "e67d",
      "unicode_decimal": 59005
    },
    {
      "icon_id": "12160461",
      "name": "social-1_logo-evernote",
      "font_class": "social-_logo-evernote",
      "unicode": "e67f",
      "unicode_decimal": 59007
    },
    {
      "icon_id": "12160464",
      "name": "social-1_logo-instagram",
      "font_class": "social-_logo-instagram",
      "unicode": "e680",
      "unicode_decimal": 59008
    },
    {
      "icon_id": "12160466",
      "name": "social-1_logo-google-plus",
      "font_class": "social-_logo-google-plus",
      "unicode": "e681",
      "unicode_decimal": 59009
    },
    {
      "icon_id": "12160467",
      "name": "social-1_logo-paypal",
      "font_class": "social-_logo-paypal",
      "unicode": "e682",
      "unicode_decimal": 59010
    },
    {
      "icon_id": "12160469",
      "name": "social-1_logo-reddit",
      "font_class": "social-_logo-reddit",
      "unicode": "e683",
      "unicode_decimal": 59011
    },
    {
      "icon_id": "12160470",
      "name": "social-1_logo-linkedin",
      "font_class": "social-_logo-linkedin",
      "unicode": "e684",
      "unicode_decimal": 59012
    },
    {
      "icon_id": "12160471",
      "name": "social-1_logo-deviantart",
      "font_class": "social-_logo-deviantart",
      "unicode": "e685",
      "unicode_decimal": 59013
    },
    {
      "icon_id": "12160472",
      "name": "social-1_logo-rss",
      "font_class": "social-_logo-rss",
      "unicode": "e686",
      "unicode_decimal": 59014
    },
    {
      "icon_id": "12160476",
      "name": "social-1_logo-skype",
      "font_class": "social-_logo-skype",
      "unicode": "e687",
      "unicode_decimal": 59015
    },
    {
      "icon_id": "12160477",
      "name": "social-1_logo-soundcloud",
      "font_class": "social-_logo-soundcloud",
      "unicode": "e688",
      "unicode_decimal": 59016
    },
    {
      "icon_id": "12160478",
      "name": "social-1_logo-tumblr",
      "font_class": "social-_logo-tumblr",
      "unicode": "e689",
      "unicode_decimal": 59017
    },
    {
      "icon_id": "12160480",
      "name": "social-1_logo-slack",
      "font_class": "social-_logo-slack",
      "unicode": "e68a",
      "unicode_decimal": 59018
    },
    {
      "icon_id": "12160488",
      "name": "social-1_logo-youtube",
      "font_class": "social-_logo-youtube",
      "unicode": "e68d",
      "unicode_decimal": 59021
    },
    {
      "icon_id": "12160489",
      "name": "social-1_logo-wordpress",
      "font_class": "social-_logo-wordpress",
      "unicode": "e68e",
      "unicode_decimal": 59022
    },
    {
      "icon_id": "12466983",
      "name": "logo-markdown",
      "font_class": "logo-markdown",
      "unicode": "e604",
      "unicode_decimal": 58884
    },
    {
      "icon_id": "12466987",
      "name": "logo-python",
      "font_class": "logo-python",
      "unicode": "e607",
      "unicode_decimal": 58887
    },
    {
      "icon_id": "12467007",
      "name": "logo-nodejs",
      "font_class": "logo-nodejs",
      "unicode": "e627",
      "unicode_decimal": 58919
    },
    {
      "icon_id": "13429064",
      "name": "logo-facebook",
      "font_class": "logo-facebook",
      "unicode": "e8f1",
      "unicode_decimal": 59633
    },
    {
      "icon_id": "13429075",
      "name": "logo-octocat",
      "font_class": "logo-octocat",
      "unicode": "e8f3",
      "unicode_decimal": 59635
    },
    {
      "icon_id": "15300908",
      "name": "logo_ie",
      "font_class": "logo_ie",
      "unicode": "e62b",
      "unicode_decimal": 58923
    },
    {
      "icon_id": "15300910",
      "name": "logo_QQ",
      "font_class": "logo_QQ",
      "unicode": "e62d",
      "unicode_decimal": 58925
    },
    {
      "icon_id": "15300911",
      "name": "logo_gitlab",
      "font_class": "logo_gitlab",
      "unicode": "e62e",
      "unicode_decimal": 58926
    },
    {
      "icon_id": "15300912",
      "name": "logo_dingding",
      "font_class": "logo_dingding",
      "unicode": "e62f",
      "unicode_decimal": 58927
    },
    {
      "icon_id": "15300932",
      "name": "logo_weibo_circle",
      "font_class": "logo_weibo_circle",
      "unicode": "e630",
      "unicode_decimal": 58928
    },
    {
      "icon_id": "15742199",
      "name": "四川天府银行logo",
      "font_class": "sichuantianfuyinhanglogo",
      "unicode": "e6a9",
      "unicode_decimal": 59049
    },
    {
      "icon_id": "15811225",
      "name": "logo-wechat",
      "font_class": "logo-wechat",
      "unicode": "e677",
      "unicode_decimal": 58999
    },
    {
      "icon_id": "12150971",
      "name": "blog-solid",
      "font_class": "blog-solid",
      "unicode": "e698",
      "unicode_decimal": 59032
    },
    {
      "icon_id": "13765725",
      "name": "gitee",
      "font_class": "gitee1",
      "unicode": "e61f",
      "unicode_decimal": 58911
    },
    {
      "icon_id": "8471",
      "name": "我关注的品牌",
      "font_class": "woguanzhudepinpai",
      "unicode": "e613",
      "unicode_decimal": 58899
    },
    {
      "icon_id": "77827",
      "name": "收藏-选中",
      "font_class": "shoucangxuanzhong",
      "unicode": "e615",
      "unicode_decimal": 58901
    },
    {
      "icon_id": "100558",
      "name": "亲密付",
      "font_class": "qinmifu",
      "unicode": "e61c",
      "unicode_decimal": 58908
    },
    {
      "icon_id": "577349",
      "name": "朋友-fill",
      "font_class": "pengyoufill",
      "unicode": "e746",
      "unicode_decimal": 59206
    },
    {
      "icon_id": "2076187",
      "name": " 收藏2",
      "font_class": "shoucang",
      "unicode": "e86d",
      "unicode_decimal": 59501
    },
    {
      "icon_id": "2076193",
      "name": "喜欢2",
      "font_class": "xihuan",
      "unicode": "e86f",
      "unicode_decimal": 59503
    },
    {
      "icon_id": "2838035",
      "name": "cnblogs",
      "font_class": "cnblogs",
      "unicode": "e61d",
      "unicode_decimal": 58909
    },
    {
      "icon_id": "2920127",
      "name": "腾讯云",
      "font_class": "tengxunyun",
      "unicode": "e61e",
      "unicode_decimal": 58910
    },
    {
      "icon_id": "5321879",
      "name": "认证徽章",
      "font_class": "renzhenghuizhang",
      "unicode": "e673",
      "unicode_decimal": 58995
    },
    {
      "icon_id": "5325646",
      "name": "签字审核",
      "font_class": "qianzishenhe",
      "unicode": "e6b3",
      "unicode_decimal": 59059
    },
    {
      "icon_id": "5330865",
      "name": "纸飞机",
      "font_class": "zhifeiji",
      "unicode": "e7d5",
      "unicode_decimal": 59349
    },
    {
      "icon_id": "7008943",
      "name": "group_fill",
      "font_class": "group_fill",
      "unicode": "e6ff",
      "unicode_decimal": 59135
    },
    {
      "icon_id": "7009005",
      "name": "setup_fill",
      "font_class": "setup_fill",
      "unicode": "e728",
      "unicode_decimal": 59176
    },
    {
      "icon_id": "7396772",
      "name": "gitee",
      "font_class": "gitee",
      "unicode": "e6d6",
      "unicode_decimal": 59094
    },
    {
      "icon_id": "9222606",
      "name": "gitlab",
      "font_class": "gitlab",
      "unicode": "e779",
      "unicode_decimal": 59257
    },
    {
      "icon_id": "9307591",
      "name": "github",
      "font_class": "github",
      "unicode": "e690",
      "unicode_decimal": 59024
    },
    {
      "icon_id": "11774361",
      "name": "blogs",
      "font_class": "blogs",
      "unicode": "e642",
      "unicode_decimal": 58946
    },
    {
      "icon_id": "573920",
      "name": "大众-评论",
      "font_class": "dazhongicon04",
      "unicode": "e624",
      "unicode_decimal": 58916
    },
    {
      "icon_id": "755347",
      "name": "评论",
      "font_class": "pinglun",
      "unicode": "e605",
      "unicode_decimal": 58885
    },
    {
      "icon_id": "874882",
      "name": "评论",
      "font_class": "pinglun1",
      "unicode": "e62c",
      "unicode_decimal": 58924
    },
    {
      "icon_id": "1129578",
      "name": "评论",
      "font_class": "pinglun2",
      "unicode": "e6a8",
      "unicode_decimal": 59048
    },
    {
      "icon_id": "3454885",
      "name": "评论",
      "font_class": "pinglun3",
      "unicode": "e608",
      "unicode_decimal": 58888
    },
    {
      "icon_id": "7498130",
      "name": "评论",
      "font_class": "pinglun4",
      "unicode": "e60e",
      "unicode_decimal": 58894
    },
    {
      "icon_id": "3926731",
      "name": "目录",
      "font_class": "huaban",
      "unicode": "e603",
      "unicode_decimal": 58883
    },
    {
      "icon_id": "4802008",
      "name": "目录",
      "font_class": "mulu",
      "unicode": "e60c",
      "unicode_decimal": 58892
    },
    {
      "icon_id": "13800363",
      "name": "目录",
      "font_class": "mulu5",
      "unicode": "e60d",
      "unicode_decimal": 58893
    },
    {
      "icon_id": "2945531",
      "name": "公众号 任意一个达到25px",
      "font_class": "gongzhonghao",
      "unicode": "e60f",
      "unicode_decimal": 58895
    },
    {
      "icon_id": "3016563",
      "name": "我打赏的人",
      "font_class": "wodashangderen",
      "unicode": "e64b",
      "unicode_decimal": 58955
    },
    {
      "icon_id": "4612281",
      "name": "公众号",
      "font_class": "gongzhonghao_",
      "unicode": "e609",
      "unicode_decimal": 58889
    },
    {
      "icon_id": "6909572",
      "name": "公众号二维码",
      "font_class": "gongzhonghaoerweima",
      "unicode": "e623",
      "unicode_decimal": 58915
    },
    {
      "icon_id": "7776271",
      "name": "公众号",
      "font_class": "gongzhonghao1",
      "unicode": "e619",
      "unicode_decimal": 58905
    },
    {
      "icon_id": "8358885",
      "name": "打赏1",
      "font_class": "dashang1",
      "unicode": "e691",
      "unicode_decimal": 59025
    },
    {
      "icon_id": "13130308",
      "name": "打赏",
      "font_class": "dashang2",
      "unicode": "e602",
      "unicode_decimal": 58882
    },
    {
      "icon_id": "14307747",
      "name": "活动管理-打赏功能",
      "font_class": "huodongguanli-dashanggongneng",
      "unicode": "e6c9",
      "unicode_decimal": 59081
    },
    {
      "icon_id": "14843618",
      "name": "公众号",
      "font_class": "gongzhonghao2",
      "unicode": "e819",
      "unicode_decimal": 59417
    },
    {
      "icon_id": "11487986",
      "name": "bad",
      "font_class": "bad",
      "unicode": "e745",
      "unicode_decimal": 59205
    },
    {
      "icon_id": "11488053",
      "name": "good",
      "font_class": "good",
      "unicode": "e753",
      "unicode_decimal": 59219
    },
    {
      "icon_id": "11488058",
      "name": "hot",
      "font_class": "hot",
      "unicode": "e754",
      "unicode_decimal": 59220
    },
    {
      "icon_id": "3900513",
      "name": "心率",
      "font_class": "xl",
      "unicode": "e60b",
      "unicode_decimal": 58891
    },
    {
      "icon_id": "12635065",
      "name": "爱心",
      "font_class": "aixin",
      "unicode": "e612",
      "unicode_decimal": 58898
    },
    {
      "icon_id": "1113215",
      "name": "未标题-22",
      "font_class": "weibiaoti22",
      "unicode": "e64a",
      "unicode_decimal": 58954
    },
    {
      "icon_id": "11474335",
      "name": "QRcode",
      "font_class": "QRcode",
      "unicode": "e708",
      "unicode_decimal": 59144
    },
    {
      "icon_id": "6360728",
      "name": "menudots",
      "font_class": "menudots",
      "unicode": "e65a",
      "unicode_decimal": 58970
    },
    {
      "icon_id": "579290",
      "name": "赏",
      "font_class": "shang",
      "unicode": "e611",
      "unicode_decimal": 58897
    },
    {
      "icon_id": "1111351",
      "name": "悬赏",
      "font_class": "xuanshang",
      "unicode": "e61a",
      "unicode_decimal": 58906
    },
    {
      "icon_id": "7008951",
      "name": "interactive",
      "font_class": "interactive",
      "unicode": "e705",
      "unicode_decimal": 59141
    },
    {
      "icon_id": "7008896",
      "name": "browse",
      "font_class": "browse",
      "unicode": "e6e6",
      "unicode_decimal": 59110
    },
    {
      "icon_id": "7009028",
      "name": "time",
      "font_class": "time1",
      "unicode": "e736",
      "unicode_decimal": 59190
    },
    {
      "icon_id": "1917113",
      "name": "对号",
      "font_class": "right",
      "unicode": "e7f6",
      "unicode_decimal": 59382
    },
    {
      "icon_id": "5330148",
      "name": "评论组",
      "font_class": "pinglunzu",
      "unicode": "e766",
      "unicode_decimal": 59238
    },
    {
      "icon_id": "1917164",
      "name": "选择展开",
      "font_class": "select",
      "unicode": "e813",
      "unicode_decimal": 59411
    },
    {
      "icon_id": "2214316",
      "name": "展开",
      "font_class": "xiala-copy",
      "unicode": "e625",
      "unicode_decimal": 58917
    },
    {
      "icon_id": "2214317",
      "name": "展开",
      "font_class": "xiala-copy-copy",
      "unicode": "e626",
      "unicode_decimal": 58918
    },
    {
      "icon_id": "7009062",
      "name": "energy",
      "font_class": "zhtn",
      "unicode": "e765",
      "unicode_decimal": 59237
    },
    {
      "icon_id": "7008891",
      "name": "addressbook_fill",
      "font_class": "addressbook_fill",
      "unicode": "e6e2",
      "unicode_decimal": 59106
    },
    {
      "icon_id": "7008893",
      "name": "barrage_fill",
      "font_class": "barrage_fill",
      "unicode": "e6e3",
      "unicode_decimal": 59107
    },
    {
      "icon_id": "7008898",
      "name": "brush_fill",
      "font_class": "brush_fill",
      "unicode": "e6e5",
      "unicode_decimal": 59109
    },
    {
      "icon_id": "7008908",
      "name": "computer_fill",
      "font_class": "computer_fill",
      "unicode": "e6eb",
      "unicode_decimal": 59115
    },
    {
      "icon_id": "7008914",
      "name": "createtask_fill",
      "font_class": "createtask_fill",
      "unicode": "e6ee",
      "unicode_decimal": 59118
    },
    {
      "icon_id": "7008922",
      "name": "dynamic_fill",
      "font_class": "dynamic_fill",
      "unicode": "e6f4",
      "unicode_decimal": 59124
    },
    {
      "icon_id": "7008926",
      "name": "emoji_fill",
      "font_class": "emoji_fill",
      "unicode": "e6f6",
      "unicode_decimal": 59126
    },
    {
      "icon_id": "7008932",
      "name": "enterinto_fill",
      "font_class": "enterinto_fill",
      "unicode": "e6f9",
      "unicode_decimal": 59129
    },
    {
      "icon_id": "7008935",
      "name": "flag_fill",
      "font_class": "flag_fill",
      "unicode": "e6fb",
      "unicode_decimal": 59131
    },
    {
      "icon_id": "7008938",
      "name": "flashlight_fill",
      "font_class": "flashlight_fill",
      "unicode": "e6fc",
      "unicode_decimal": 59132
    },
    {
      "icon_id": "7008944",
      "name": "headlines_fill",
      "font_class": "headlines_fill",
      "unicode": "e700",
      "unicode_decimal": 59136
    },
    {
      "icon_id": "7008946",
      "name": "homepage_fill",
      "font_class": "homepage_fill",
      "unicode": "e702",
      "unicode_decimal": 59138
    },
    {
      "icon_id": "7008950",
      "name": "interactive_fill",
      "font_class": "interactive_fill",
      "unicode": "e704",
      "unicode_decimal": 59140
    },
    {
      "icon_id": "7008968",
      "name": "mine_fill",
      "font_class": "mine_fill",
      "unicode": "e70f",
      "unicode_decimal": 59151
    },
    {
      "icon_id": "7008980",
      "name": "picture_fill",
      "font_class": "picture_fill",
      "unicode": "e716",
      "unicode_decimal": 59158
    },
    {
      "icon_id": "7008983",
      "name": "play_fill",
      "font_class": "play_fill",
      "unicode": "e717",
      "unicode_decimal": 59159
    },
    {
      "icon_id": "7008988",
      "name": "prompt_fill",
      "font_class": "prompt_fill",
      "unicode": "e71b",
      "unicode_decimal": 59163
    },
    {
      "icon_id": "7008992",
      "name": "redpacket_fill",
      "font_class": "redpacket_fill",
      "unicode": "e71d",
      "unicode_decimal": 59165
    },
    {
      "icon_id": "7008995",
      "name": "remind_fill",
      "font_class": "remind_fill",
      "unicode": "e71f",
      "unicode_decimal": 59167
    },
    {
      "icon_id": "7009011",
      "name": "smallscreen_fill",
      "font_class": "smallscreen_fill",
      "unicode": "e72b",
      "unicode_decimal": 59179
    },
    {
      "icon_id": "7009013",
      "name": "stealth_fill",
      "font_class": "stealth_fill",
      "unicode": "e72c",
      "unicode_decimal": 59180
    },
    {
      "icon_id": "7009024",
      "name": "tasklist_fill",
      "font_class": "tasklist_fill",
      "unicode": "e733",
      "unicode_decimal": 59187
    },
    {
      "icon_id": "7009032",
      "name": "trash_fill",
      "font_class": "trash_fill",
      "unicode": "e738",
      "unicode_decimal": 59192
    },
    {
      "icon_id": "7009037",
      "name": "video_fill",
      "font_class": "video_fill",
      "unicode": "e73c",
      "unicode_decimal": 59196
    },
    {
      "icon_id": "7009038",
      "name": "warning_fill",
      "font_class": "warning_fill",
      "unicode": "e73d",
      "unicode_decimal": 59197
    },
    {
      "icon_id": "7009043",
      "name": "search fill",
      "font_class": "searchfill",
      "unicode": "e742",
      "unicode_decimal": 59202
    },
    {
      "icon_id": "7009051",
      "name": "financial_fill",
      "font_class": "financial_fill",
      "unicode": "e74c",
      "unicode_decimal": 59212
    },
    {
      "icon_id": "7009060",
      "name": "int_fill",
      "font_class": "int",
      "unicode": "e763",
      "unicode_decimal": 59235
    },
    {
      "icon_id": "2197220",
      "name": "闪电",
      "font_class": "lighting",
      "unicode": "e622",
      "unicode_decimal": 58914
    },
    {
      "icon_id": "2591133",
      "name": "闪电",
      "font_class": "shandian",
      "unicode": "e618",
      "unicode_decimal": 58904
    },
    {
      "icon_id": "6773081",
      "name": "闪电",
      "font_class": "shandian2",
      "unicode": "e70e",
      "unicode_decimal": 59150
    },
    {
      "icon_id": "348406",
      "name": "code",
      "font_class": "code1",
      "unicode": "ea77",
      "unicode_decimal": 60023
    },
    {
      "icon_id": "836449",
      "name": "code",
      "font_class": "code3",
      "unicode": "e699",
      "unicode_decimal": 59033
    },
    {
      "icon_id": "1567513",
      "name": "code",
      "font_class": "code4",
      "unicode": "e654",
      "unicode_decimal": 58964
    },
    {
      "icon_id": "1898648",
      "name": "code",
      "font_class": "code5",
      "unicode": "e657",
      "unicode_decimal": 58967
    },
    {
      "icon_id": "2045144",
      "name": "activity_fill",
      "font_class": "activity_fill",
      "unicode": "e6de",
      "unicode_decimal": 59102
    },
    {
      "icon_id": "2045192",
      "name": "document_fill",
      "font_class": "document_fill",
      "unicode": "e6f3",
      "unicode_decimal": 59123
    },
    {
      "icon_id": "2045353",
      "name": "task_fill",
      "font_class": "task_fill",
      "unicode": "e732",
      "unicode_decimal": 59186
    },
    {
      "icon_id": "2045160",
      "name": "browse_fill",
      "font_class": "browse_fill",
      "unicode": "e6e4",
      "unicode_decimal": 59108
    },
    {
      "icon_id": "2045172",
      "name": "collection_fill",
      "font_class": "collection_fill",
      "unicode": "e6ea",
      "unicode_decimal": 59114
    },
    {
      "icon_id": "2045253",
      "name": "label_fill",
      "font_class": "label_fill",
      "unicode": "e706",
      "unicode_decimal": 59142
    },
    {
      "icon_id": "2045254",
      "name": "like_fill",
      "font_class": "like_fill",
      "unicode": "e707",
      "unicode_decimal": 59143
    },
    {
      "icon_id": "2045296",
      "name": "praise_fill",
      "font_class": "praise_fill",
      "unicode": "e71a",
      "unicode_decimal": 59162
    },
    {
      "icon_id": "2045322",
      "name": "select_fill",
      "font_class": "select_fill",
      "unicode": "e725",
      "unicode_decimal": 59173
    },
    {
      "icon_id": "2045357",
      "name": "time_fill",
      "font_class": "time_fill",
      "unicode": "e735",
      "unicode_decimal": 59189
    },
    {
      "icon_id": "2199867",
      "name": "marketing_fill",
      "font_class": "marketing_fill",
      "unicode": "e74b",
      "unicode_decimal": 59211
    },
    {
      "icon_id": "300409",
      "name": "复制",
      "font_class": "fuzhi",
      "unicode": "e61b",
      "unicode_decimal": 58907
    },
    {
      "icon_id": "504568",
      "name": "复制",
      "font_class": "fuzhi1",
      "unicode": "e606",
      "unicode_decimal": 58886
    },
    {
      "icon_id": "585068",
      "name": "复制文件",
      "font_class": "icon02",
      "unicode": "e614",
      "unicode_decimal": 58900
    },
    {
      "icon_id": "1790025",
      "name": "复制",
      "font_class": "fuzhi2",
      "unicode": "e6dd",
      "unicode_decimal": 59101
    },
    {
      "icon_id": "2325910",
      "name": "复制",
      "font_class": "fuzhi3",
      "unicode": "e636",
      "unicode_decimal": 58934
    },
    {
      "icon_id": "552572",
      "name": "赞",
      "font_class": "buzan",
      "unicode": "e601",
      "unicode_decimal": 58881
    },
    {
      "icon_id": "3495919",
      "name": "赞",
      "font_class": "zan1",
      "unicode": "e610",
      "unicode_decimal": 58896
    },
    {
      "icon_id": "706841",
      "name": "点赞",
      "font_class": "dianzan",
      "unicode": "e616",
      "unicode_decimal": 58902
    },
    {
      "icon_id": "868477",
      "name": "icon-未关注",
      "font_class": "iconweiguanzhu",
      "unicode": "e617",
      "unicode_decimal": 58903
    },
    {
      "icon_id": "868592",
      "name": "icon-已关注",
      "font_class": "iconyiguanzhu",
      "unicode": "e628",
      "unicode_decimal": 58920
    },
    {
      "icon_id": "1272132",
      "name": "点赞",
      "font_class": "dianzan1",
      "unicode": "e60a",
      "unicode_decimal": 58890
    },
    {
      "icon_id": "2057540",
      "name": "odps-data",
      "font_class": "odps-data",
      "unicode": "e727",
      "unicode_decimal": 59175
    },
    {
      "icon_id": "1718321",
      "name": "返回",
      "font_class": "fanhui",
      "unicode": "e600",
      "unicode_decimal": 58880
    },
    {
      "icon_id": "1934666",
      "name": "置顶",
      "font_class": "zhiding",
      "unicode": "e739",
      "unicode_decimal": 59193
    },
    {
      "icon_id": "29949",
      "name": "time_fill",
      "font_class": "timefill",
      "unicode": "e65e",
      "unicode_decimal": 58974
    },
    {
      "icon_id": "29950",
      "name": "time",
      "font_class": "time",
      "unicode": "e65f",
      "unicode_decimal": 58975
    },
    {
      "icon_id": "30417",
      "name": "like_fill",
      "font_class": "likefill",
      "unicode": "e668",
      "unicode_decimal": 58984
    },
    {
      "icon_id": "30418",
      "name": "like",
      "font_class": "like",
      "unicode": "e669",
      "unicode_decimal": 58985
    },
    {
      "icon_id": "212330",
      "name": "tag_fill",
      "font_class": "tagfill",
      "unicode": "e751",
      "unicode_decimal": 59217
    },
    {
      "icon_id": "212331",
      "name": "tag",
      "font_class": "tag",
      "unicode": "e752",
      "unicode_decimal": 59218
    }
  ]
}
